Temperature,Clay,Moisture,date,time,time(hour),elapsed_time,time_frac,Sample #,weight,CO2_1_ppm,CO2_2_ppm,Notes,mmols of air in vials,ugCO2-C,mgCO2-C,ug CO2-C/hr,ug Co2-C/g/hr,ug Co2-C/g,Pa/RT,mg C-CO2,mg C-CO2/hr/g soil,skip
4,clay,f.c.,9/9/2016,t0,12:40,0:40:00,0.66667,1,,547,528,537.5,0.559361092,3.611186267,0.003611186,5.416779401,0.128970938,0.085980625,43.93023357,288.6223814,10.30794,
4,clay,f.c.,9/9/2016,t0,12:44,0:44:00,0.73333,2,,510,500,505,0.559361092,3.39283547,0.003392835,4.626593822,0.110156996,0.080781797,43.93023357,269.0994781,8.737,
4,clay,f.c.,9/9/2016,t0,12:48,0:48:00,0.8,3,,477,549,513,0.559361092,3.446583358,0.003446583,4.308229198,0.102576886,0.082061509,43.93023357,251.6871589,7.49069,
4,clay,f.c.,9/9/2016,t0,12:52,0:52:00,0.86667,4,,478,660,569,0.559361092,3.822818579,0.003822819,4.410944514,0.105022488,0.09101949,43.93023357,252.2148049,6.92898,
4,clay,sat.,9/9/2016,t0,13:01,1:01:00,1.01667,5,,336,330,333,0.559361092,2.237255864,0.002237256,2.200579539,0.052394751,0.053267997,43.93023357,177.2890679,4.15197,
4,clay,sat.,9/9/2016,t0,13:04,1:04:00,1.06667,6,,325,308,316.5,0.559361092,2.126400844,0.002126401,1.993500791,0.047464305,0.050628592,43.93023357,171.4849615,3.82779,
4,clay,sat.,9/9/2016,t0,13:08,1:08:00,1.13333,7,,353,454,403.5,0.559361092,2.710909133,0.002710909,2.391978647,0.056951873,0.064545456,43.93023357,186.2590505,3.91301,
4,clay,sat.,9/9/2016,t0,13:10,1:10:00,1.16667,8,,367,308,337.5,0.559361092,2.267489052,0.002267489,1.943562044,0.046275287,0.053987835,43.93023357,193.646095,3.95196,
4,,f.c.,9/9/2016,t0,12:59,0:59:00,0.98333,9,,546,814,680,0.559361092,4.568570534,0.004568571,4.646003932,0.110619141,0.108775489,43.93023357,288.0947353,6.97566,
4,,f.c.,9/9/2016,t0,13:14,1:14:00,1.23333,10,,835,855,845,0.559361092,5.677120737,0.005677121,4.603070867,0.109596925,0.135169541,43.93023357,440.5844396,8.50549,
4,,f.c.,9/9/2016,t0,13:15,1:15:00,1.25,11,,1023,898,960.5,0.559361092,6.453105879,0.006453106,5.162484703,0.122916303,0.153645378,43.93023357,539.7818942,10.28156,
4,,f.c.,9/9/2016,t0,13:17,1:17:00,1.28333,12,,914,954,934,0.559361092,6.275065998,0.006275066,4.889661816,0.116420519,0.149406333,43.93023357,482.2684764,8.94747,
4,,sat.,9/9/2016,t0,13:23,1:23:00,1.38333,13,,673,638,655.5,0.559361092,4.403967625,0.004403968,3.183591054,0.075799787,0.104856372,43.93023357,355.1057818,6.11198,
4,,sat.,9/9/2016,t0,13:25,1:25:00,1.41667,14,,635,706,670.5,0.559361092,4.504744916,0.004504745,3.179819941,0.075709999,0.107255831,43.93023357,335.0552325,5.63118,
4,,sat.,9/9/2016,t0,13:30,1:30:00,1.5,15,,719,765,742,0.559361092,4.98511667,0.004985117,3.323411114,0.079128836,0.118693254,43.93023357,379.3774995,6.02187,
4,,sat.,9/9/2016,t0,13:33,1:33:00,1.55,16,,754,718,736,0.559361092,4.944805754,0.004944806,3.190197261,0.075957078,0.11773347,43.93023357,397.8451107,6.11129,
20,clay,f.c.,9/9/2016,t0,13:41,1:41:00,1.68333,17,,1651,1264,1457.5,0.528815777,9.257466172,0.009257466,5.499484855,0.130940116,0.220415861,41.53131297,823.5726226,11.64883,
20,clay,f.c.,9/9/2016,t0,13:44,1:44:00,1.73333,18,,1614,1728,1671,0.528815777,10.61353412,0.010613534,6.123192759,0.145790304,0.252703193,41.53131297,805.1158164,11.05928,
20,clay,f.c.,9/9/2016,t0,13:47,1:47:00,1.78333,19,,1620,1671,1645.5,0.528815777,10.45156815,0.010451568,5.860692423,0.139540296,0.248846861,41.53131297,808.108812,10.78917,
20,clay,f.c.,9/9/2016,t0,13:50,1:50:00,1.83333,20,,1316,1830,1573,0.528815777,9.991076699,0.009991077,5.449678199,0.129754243,0.237882779,41.53131297,656.4637016,8.5255,
20,clay,sat.,9/9/2016,t0,13:54,1:54:00,1.9,21,,449,466,457.5,0.528815777,2.905859879,0.00290586,1.529399936,0.036414284,0.06918714,41.53131297,223.9758374,2.80671,
20,clay,sat.,9/9/2016,t0,13:57,1:57:00,1.95,22,,795,485,640,0.528815777,4.065028027,0.004065028,2.084629758,0.049634042,0.096786382,41.53131297,396.571917,4.84215,
20,clay,sat.,9/9/2016,t0,14:03,2:03:00,2.05,23,,1134,486,810,0.528815777,5.144801097,0.005144801,2.509659072,0.059753787,0.122495264,41.53131297,565.6761684,6.56999,
20,clay,sat.,9/9/2016,t0,14:08,2:08:00,2.13333,24,,472,613,542.5,0.528815777,3.445746414,0.003445746,1.615193632,0.038456991,0.082041581,41.53131297,235.4489872,2.62778,
20,,f.c.,9/9/2016,t0,14:10,2:10:00,2.16667,25,,2492,2226,2359,0.528815777,14.98343924,0.014983439,6.915433498,0.164653179,0.356748554,41.53131297,1243.090839,13.66034,
20,,f.c.,9/9/2016,t0,14:12,2:12:00,2.2,26,,2713,2242,2477.5,0.528815777,15.73610459,0.015736105,7.152774814,0.170304162,0.374669157,41.53131297,1353.332844,14.64646,
20,,f.c.,9/9/2016,t0,14:15,2:15:00,2.25,27,,1715,1581,1648,0.528815777,10.46744717,0.010467447,4.652198743,0.110766637,0.249224933,41.53131297,855.497909,9.05289,
20,,f.c.,9/9/2016,t0,14:19,2:19:00,2.31667,28,,1659,2770,2214.5,0.528815777,14.06563214,0.014065632,6.071495886,0.144559426,0.334896003,41.53131297,827.5632834,8.50528,
20,,sat.,9/9/2016,t0,14:23,2:23:00,2.38333,29,,1717,1234,1475.5,0.528815777,9.371795085,0.009371795,3.932221714,0.093624327,0.223137978,41.53131297,856.4955742,8.5564,
20,,sat.,9/9/2016,t0,14:25,2:25:00,2.41667,30,,1781,1907,1844,0.528815777,11.712362,0.011712362,4.846494622,0.115392729,0.278865762,41.53131297,888.4208606,8.75291,
20,,sat.,9/9/2016,t0,14:29,2:29:00,2.48333,31,,1162,2056,1609,0.528815777,10.21973453,0.010219735,4.115329339,0.097984032,0.243327013,41.53131297,579.6434812,5.55746,
20,,sat.,9/9/2016,t0,14:34,2:34:00,2.56667,32,,1494,1187,1340.5,0.528815777,8.514328236,0.008514328,3.317270741,0.078982637,0.202722101,41.53131297,745.2559044,6.91332,
4,clay,f.c.,9/9/2016,t1,21:02,6:25:00,6.41667,1,,479,,,0.559361092,3.218154832,0.003218155,0.501530623,0.011941205,0.076622734,43.93023357,252.742451,0.93782,
4,clay,f.c.,9/9/2016,t1,21:04,6:27:00,6.45,2,,453,,,0.559361092,3.043474194,0.003043474,0.471856464,0.011234678,0.072463671,43.93023357,239.023654,0.88233,
4,clay,f.c.,9/9/2016,t1,20:56,6:19:00,6.31667,3,,537,,,0.559361092,3.607827024,0.003607827,0.571159951,0.013599046,0.085900643,43.93023357,283.345921,1.06802,
4,clay,f.c.,9/9/2016,t1,21:06,6:29:00,6.48333,4,,460,,,0.559361092,3.090503596,0.003090504,0.476684359,0.011349628,0.073583419,43.93023357,242.7171763,0.89136,
4,clay,sat.,9/9/2016,t1,21:07,6:30:00,6.5,5,,348,,,0.559361092,2.338033155,0.002338033,0.359697409,0.008564224,0.055667456,43.93023357,183.6208203,0.6726,
4,clay,sat.,9/9/2016,t1,20:56,6:19:00,6.31667,6,,327,,,0.559361092,2.196944948,0.002196945,0.347801311,0.008280984,0.052308213,43.93023357,172.5402536,0.65036,
4,clay,sat.,9/9/2016,t1,20:53,6:16:00,6.26667,7,,408,,,0.559361092,2.74114232,0.002741142,0.437416328,0.010414674,0.065265293,43.93023357,215.2795824,0.81793,
4,clay,sat.,9/9/2016,t1,20:49,6:12:00,6.2,8,,369,,,0.559361092,2.479121363,0.002479121,0.399858284,0.009520435,0.059026699,43.93023357,194.7013871,0.7477,
4,,f.c.,9/9/2016,t1,21:11,6:34:00,6.56667,9,,858,,,0.559361092,5.764461056,0.005764461,0.877836709,0.020900874,0.137249073,43.93023357,452.7202984,1.64148,
4,,f.c.,9/9/2016,t1,21:14,6:37:00,6.61667,10,,883,,,0.559361092,5.932423208,0.005932423,0.89658789,0.021347331,0.141248172,43.93023357,465.9114493,1.67654,
4,,f.c.,9/9/2016,t1,21:16,6:39:00,6.65,11,,702,,,0.559361092,4.716377227,0.004716377,0.709229658,0.01688642,0.112294696,43.93023357,370.4075169,1.3262,
4,,f.c.,9/9/2016,t1,21:17,6:40:00,6.66667,12,,799,,,0.559361092,5.368070377,0.00536807,0.805210557,0.01917168,0.1278112,43.93023357,421.5891823,1.50568,
4,,sat.,9/9/2016,t1,21:19,6:42:00,6.7,13,,653,,,0.559361092,4.387171409,0.004387171,0.654801703,0.015590517,0.104456462,43.93023357,344.5528611,1.22442,
4,,sat.,9/9/2016,t1,21:21,6:44:00,6.73333,14,,750,,,0.559361092,5.038864559,0.005038865,0.748346222,0.017817767,0.119972966,43.93023357,395.7345266,1.39934,
4,,sat.,9/9/2016,t1,21:23,6:46:00,6.76667,15,,723,,,0.559361092,4.857465435,0.004857465,0.717852035,0.017091715,0.115653939,43.93023357,381.4880836,1.34232,
4,,sat.,9/9/2016,t1,21:25,6:48:00,6.8,16,,742,,,0.559361092,4.98511667,0.004985117,0.733105393,0.01745489,0.118693254,43.93023357,391.5133583,1.37085,
20,clay,f.c.,9/9/2016,t1,21:34,6:57:00,6.95,17,,3285,,,0.528815777,20.86502667,0.020865027,3.002162111,0.07148005,0.496786349,41.53131297,1638.665091,5.61379,
20,clay,f.c.,9/9/2016,t1,21:38,7:01:00,7.01667,18,,3140,,,0.528815777,19.94404376,0.019944044,2.842381533,0.067675751,0.474858185,41.53131297,1566.334364,5.31501,
20,clay,f.c.,9/9/2016,t1,21:40,7:03:00,7.05,19,,3510,,,0.528815777,22.29413809,0.022294138,3.16228909,0.075292597,0.530812812,41.53131297,1750.902426,5.91321,
20,clay,f.c.,9/9/2016,t1,21:43,7:06:00,7.1,20,,3883,,,0.528815777,24.66328724,0.024663287,3.473702428,0.082707201,0.587221125,41.53131297,1936.966986,6.49553,
20,clay,sat.,9/9/2016,t1,21:45,7:08:00,7.13333,21,,832,,,0.528815777,5.284536436,0.005284536,0.740822865,0.01763864,0.125822296,41.53131297,415.0287232,1.38528,
20,clay,sat.,9/9/2016,t1,21:52,7:15:00,7.25,22,,650,,,0.528815777,4.12854409,0.004128544,0.569454357,0.013558437,0.098298669,41.53131297,324.24119,1.06483,
20,clay,sat.,9/9/2016,t1,21:55,7:18:00,7.3,23,,725,,,0.528815777,4.604914562,0.004604915,0.630810214,0.015019291,0.109640823,41.53131297,361.653635,1.17956,
20,clay,sat.,9/9/2016,t1,21:56,7:19:00,7.31667,24,,811,,,0.528815777,5.151152704,0.005151153,0.704029982,0.016762619,0.122646493,41.53131297,404.5532386,1.31648,
20,,f.c.,9/9/2016,t1,21:58,7:21:00,7.35,25,,5451,,,0.528815777,34.6226059,0.034622606,4.710558626,0.112156158,0.82434776,41.53131297,2719.136503,8.80835,
20,,f.c.,9/9/2016,t1,22:01,7:24:00,7.4,26,,3440,,,0.528815777,21.84952565,0.021849526,2.952638601,0.070300919,0.520226801,41.53131297,1715.984144,5.52118,
20,,f.c.,9/9/2016,t1,22:04,7:27:00,7.45,27,,3818,,,0.528815777,24.25043283,0.024250433,3.255091655,0.077502182,0.577391258,41.53131297,1904.542867,6.08675,
20,,f.c.,9/9/2016,t1,22:05,7:28:00,7.46667,28,,5705,,,0.528815777,36.2359139,0.036235914,4.853024183,0.115548195,0.862759855,41.53131297,2845.839983,9.07474,
20,,sat.,9/9/2016,t1,22:07,7:30:00,7.5,29,,1460,,,0.528815777,9.273345188,0.009273345,1.236446025,0.029439191,0.220793933,41.53131297,728.295596,2.31205,
20,,sat.,9/9/2016,t1,22:10,7:33:00,7.55,30,,4697,,,0.528815777,29.83349476,0.029833495,3.951456259,0.094082292,0.710321304,41.53131297,2343.016722,7.38889,
20,,sat.,9/9/2016,t1,22:13,7:36:00,7.6,31,,4872,,,0.528815777,30.94502586,0.030945026,4.071713929,0.09694557,0.73678633,41.53131297,2430.312427,7.61376,
20,,sat.,9/9/2016,t1,22:16,7:39:00,7.65,32,,3314,,,0.528815777,21.04922325,0.021049223,2.751532452,0.065512677,0.501171982,41.53131297,1653.131236,5.14513,
4,clay,f.c.,9/10/2016,t2,10:03,11:47:00,11.78333,1,80.7,848,,weight w/extra,0.559361092,5.697276195,0.005697276,0.48350293,0.011511975,0.135649433,43.93023357,447.443838,0.90411,
4,clay,f.c.,9/10/2016,t2,10:04,11:48:00,11.8,2,80.9,916,,weight w/extra,0.559361092,6.154133248,0.006154133,0.521536716,0.012417541,0.146526982,43.93023357,483.3237684,0.97523,
4,clay,f.c.,9/10/2016,t2,10:08,11:52:00,11.86667,3,80.9,908,,weight w/extra,0.559361092,6.10038536,0.006100385,0.514077418,0.012239939,0.145247271,43.93023357,479.1026001,0.96128,
4,clay,f.c.,9/10/2016,t2,10:09,11:53:00,11.88333,4,81.5,1093,,weight w/extra,0.559361092,7.343305284,0.007343305,0.617949954,0.014713094,0.174840602,43.93023357,576.7171167,1.15551,
4,clay,sat.,9/10/2016,t2,10:22,12:06:00,12.1,5,84.3,420,,weight w/extra,0.559361092,2.821764153,0.002821764,0.233203649,0.005552468,0.067184861,43.93023357,221.6113349,0.43607,
4,clay,sat.,9/10/2016,t2,10:20,12:04:00,12.06667,6,85.3,554,,weight w/extra,0.559361092,3.722041288,0.003722041,0.30845646,0.007344201,0.088620031,43.93023357,292.3159036,0.57679,
4,clay,sat.,9/10/2016,t2,10:23,12:07:00,12.11667,7,85.9,424,,weight w/extra,0.559361092,2.848638097,0.002848638,0.235100806,0.005597638,0.067824717,43.93023357,223.721919,0.43962,
4,clay,sat.,9/10/2016,t2,10:26,12:10:00,12.16667,8,84.6,601,,weight w/extra,0.559361092,4.037810133,0.00403781,0.331874806,0.007901781,0.096138337,43.93023357,317.1152673,0.62058,
4,,f.c.,9/10/2016,t2,10:12,11:56:00,11.93333,9,81.3,1216,,weight w/extra,0.559361092,8.169679072,0.008169679,0.684609978,0.016300238,0.194516168,43.93023357,641.6175791,1.28016,
4,,f.c.,9/10/2016,t2,10:16,12:00:00,12,10,82.1,1482,,weight w/extra,0.559361092,9.956796369,0.009956796,0.829733031,0.019755548,0.23706658,43.93023357,781.9714245,1.55153,
4,,f.c.,9/10/2016,t2,10:13,11:57:00,11.95,11,80.7,1113,,weight w/extra,0.559361092,7.477675006,0.007477675,0.625746862,0.014898735,0.178039881,43.93023357,587.2700374,1.17009,
4,,f.c.,9/10/2016,t2,10:18,12:02:00,12.03333,12,80.8,1346,,weight w/extra,0.559361092,9.043082262,0.009043082,0.751502681,0.017892921,0.215311482,43.93023357,710.2115637,1.40525,
4,,sat.,9/10/2016,t2,9:54,11:38:00,11.63333,13,85.4,904,,weight w/extra,0.559361092,6.073511415,0.006073511,0.522078345,0.012430437,0.144607415,43.93023357,476.992016,0.97624,
4,,sat.,9/10/2016,t2,9:55,11:39:00,11.65,14,85.3,1240,,weight w/extra,0.559361092,8.330922738,0.008330923,0.715100664,0.017026206,0.198355303,43.93023357,654.2810839,1.33718,
4,,sat.,9/10/2016,t2,9:57,11:41:00,11.68333,15,84.7,1169,,weight w/extra,0.559361092,7.853910226,0.00785391,0.672231974,0.016005523,0.186997863,43.93023357,616.8182154,1.25702,
4,,sat.,9/10/2016,t2,9:53,11:37:00,11.61667,16,84.9,1144,,weight w/extra,0.559361092,7.685948074,0.007685948,0.661631111,0.015753122,0.182998764,43.93023357,603.6270645,1.23719,
20,clay,f.c.,9/10/2016,t2,9:40,11:24:00,11.4,17,81.4,5450,,weight w/extra,0.528815777,34.6162543,0.034616254,3.036513535,0.072297941,0.824196531,41.53131297,2718.63767,5.67802,
20,clay,f.c.,9/10/2016,t2,9:43,11:27:00,11.45,18,81.3,4206,,weight w/extra,0.528815777,26.71485607,0.026714856,2.333175202,0.055551791,0.636068002,41.53131297,2098.089916,4.36284,
20,clay,f.c.,9/10/2016,t2,9:46,11:30:00,11.5,19,81.6,5686,,weight w/extra,0.528815777,36.11523338,0.036115233,3.140455077,0.07477274,0.859886509,41.53131297,2836.362164,5.87239,
20,clay,f.c.,9/10/2016,t2,9:47,11:31:00,11.51667,20,81.4,6334,,weight w/extra,0.528815777,40.23107426,0.040231074,3.493291542,0.083173608,0.957882721,41.53131297,3159.605689,6.53216,
20,clay,sat.,9/10/2016,t2,9:34,11:18:00,11.3,21,85.6,1224,,weight w/extra,0.528815777,7.774366102,0.007774366,0.687997,0.016380881,0.185103955,41.53131297,610.5711024,1.2865,
20,clay,sat.,9/10/2016,t2,9:36,11:20:00,11.33333,22,85.8,964,,weight w/extra,0.528815777,6.122948466,0.006122948,0.540260159,0.012863337,0.145784487,41.53131297,480.8746264,1.01024,
20,clay,sat.,9/10/2016,t2,9:37,11:21:00,11.35,23,85.1,942,,weight w/extra,0.528815777,5.983213128,0.005983213,0.527155342,0.012551318,0.142457455,41.53131297,469.9003092,0.98574,
20,clay,sat.,9/10/2016,t2,9:39,11:23:00,11.38333,24,85.8,1020,,weight w/extra,0.528815777,6.478638419,0.006478638,0.569133683,0.013550802,0.154253296,41.53131297,508.809252,1.06423,
20,,f.c.,9/10/2016,t2,9:26,11:10:00,11.16667,25,81.5,7801,,weight w/extra,0.528815777,49.54888069,0.049548881,4.437213196,0.105647933,1.179735255,41.53131297,3891.393113,8.29721,
20,,f.c.,9/10/2016,t2,9:27,11:11:00,11.18333,26,8138,7200,,weight w/extra,0.528815777,45.73156531,0.045731565,4.089260683,0.09736335,1.088846793,41.53131297,3591.59472,7.64657,
20,,f.c.,9/10/2016,t2,9:28,11:12:00,11.2,27,81.2,7478,,weight w/extra,0.528815777,47.49731186,0.047497312,4.240831416,0.100972177,1.130888378,41.53131297,3730.270183,7.93,
20,,f.c.,9/10/2016,t2,9:31,11:15:00,11.25,28,81.7,6702,,weight w/extra,0.528815777,42.56846537,0.042568465,3.783863589,0.09009199,1.01353489,41.53131297,3343.176085,7.0755,
20,,sat.,9/10/2016,t2,9:23,11:07:00,11.11667,29,84.7,5814,,weight w/extra,0.528815777,36.92823899,0.036928239,3.321880569,0.079092394,0.879243785,41.53131297,2900.212737,6.21164,
20,,sat.,9/10/2016,t2,9:21,11:05:00,11.08333,30,85.15,6821,,weight w/extra,0.528815777,43.32430652,0.043324307,3.908959987,0.093070476,1.031531108,41.53131297,3402.537165,7.30942,
20,,sat.,9/10/2016,t2,9:15,10:59:00,10.98333,31,85.1,6891,,weight w/extra,0.528815777,43.76891896,0.043768919,3.985030558,0.09488168,1.042117118,41.53131297,3437.455447,7.45167,
20,,sat.,9/10/2016,t2,9:12,10:56:00,10.93333,32,85.3,5923,,weight w/extra,0.528815777,37.62056407,0.037620564,3.440905251,0.081926315,0.895727716,41.53131297,2954.58549,6.4342,
4,clay,f.c.,9/11/2016,t3,9:54,23:24:00,23.4,1,76.4,2424,,,0.559361092,16.28561025,0.01628561,0.69596625,0.016570625,0.387752625,43.93023357,1279.01399,1.3014,
4,clay,f.c.,9/11/2016,t3,9:56,23:26:00,23.43333,2,76.4,1810,,,0.559361092,12.1604598,0.01216046,0.518938541,0.01235568,0.289534757,43.93023357,955.0393241,0.97037,
4,clay,f.c.,9/11/2016,t3,9:51,23:21:00,23.35,3,76.4,2390,,,0.559361092,16.05718173,0.016057182,0.687673736,0.016373184,0.382313851,43.93023357,1261.074025,1.28589,
4,clay,f.c.,9/11/2016,t3,9:58,23:28:00,23.46667,4,76.9,1271,,,0.559361092,8.539195806,0.008539196,0.363886185,0.008663957,0.203314186,43.93023357,670.638111,0.68044,
4,clay,sat.,9/11/2016,t3,10:01,23:31:00,23.51667,5,80,846,,,0.559361092,5.683839223,0.005683839,0.241694085,0.005754621,0.135329505,43.93023357,446.388546,0.45195,
4,clay,sat.,9/11/2016,t3,10:03,23:33:00,23.55,6,80.7,1195,,,0.559361092,8.028590864,0.008028591,0.34091681,0.008117067,0.191156925,43.93023357,630.5370123,0.63749,
4,clay,sat.,9/11/2016,t3,10:06,23:36:00,23.6,7,81.2,975,,,0.559361092,6.550523927,0.006550524,0.277564573,0.00660868,0.155964855,43.93023357,514.4548845,0.51902,
4,clay,sat.,9/11/2016,t3,10:10,23:40:00,23.66667,8,80.1,939,,,0.559361092,6.308658428,0.006308658,0.266563032,0.006346739,0.150206153,43.93023357,495.4596272,0.49845,
4,,f.c.,9/11/2016,t3,10:07,23:37:00,23.61667,9,76.7,2622,,,0.559361092,17.6158705,0.017615871,0.745908419,0.017759724,0.419425488,43.93023357,1383.487905,1.39479,
4,,f.c.,9/11/2016,t3,10:12,23:42:00,23.7,10,77.4,2757,,,0.559361092,18.52286612,0.018522866,0.781555533,0.018608465,0.441020622,43.93023357,1454.72012,1.46144,
4,,f.c.,9/11/2016,t3,10:14,23:44:00,23.73333,11,76.4,2048,,,0.559361092,13.75945949,0.013759459,0.579752507,0.013803631,0.327606178,43.93023357,1080.619081,1.08409,
4,,f.c.,9/11/2016,t3,10:15,23:45:00,23.75,12,76.3,2453,,,0.559361092,16.48044635,0.016480446,0.693913531,0.016521751,0.39239158,43.93023357,1294.315725,1.29756,
4,,sat.,9/11/2016,t3,10:16,23:46:00,23.76667,13,80.8,1682,,,0.559361092,11.30049358,0.011300494,0.475476588,0.011320871,0.269059371,43.93023357,887.5006316,0.8891,
4,,sat.,9/11/2016,t3,10:18,23:48:00,23.8,14,81.1,1591,,,0.559361092,10.68911135,0.010689111,0.449122326,0.010693389,0.254502651,43.93023357,839.4848423,0.83982,
4,,sat.,9/11/2016,t3,10:20,23:50:00,23.83333,15,81.5,2107,,,0.559361092,14.15585017,0.01415585,0.593951755,0.014141708,0.337044052,43.93023357,1111.750197,1.11064,
4,,sat.,9/11/2016,t3,10:21,23:51:00,23.85,16,80.6,2029,,,0.559361092,13.63180825,0.013631808,0.571564287,0.013608674,0.324566863,43.93023357,1070.593806,1.06878,
20,clay,f.c.,9/11/2016,t3,10:27,23:57:00,23.95,17,77.1,9845,,,0.528815777,62.53156395,0.062531564,2.610921251,0.062164792,1.488846761,41.53131297,4911.006947,4.8822,
20,clay,f.c.,9/11/2016,t3,10:28,23:58:00,23.96667,18,77,1681,,air got out,0.528815777,10.67705018,0.01067705,0.445495835,0.010607044,0.25421548,41.53131297,838.5376006,0.83304,skip
20,clay,f.c.,9/11/2016,t3,10:30,24:00:00,24,19,7.4,1322,,,0.528815777,8.396823519,0.008396824,0.349867647,0.008330182,0.19992437,41.53131297,659.4566972,0.65422,
20,clay,f.c.,9/11/2016,t3,10:31,24:01:00,24.01667,20,77.2,10750,,,0.528815777,68.27976765,0.068279768,2.843016002,0.067690857,1.625708754,41.53131297,5362.45045,5.3162,
20,clay,sat.,9/11/2016,t3,10:41,24:11:00,24.18333,21,81.3,1258,,standing water,0.528815777,7.990320716,0.007990321,0.330406094,0.007866812,0.190245731,41.53131297,627.5314108,0.61783,
20,clay,sat.,9/11/2016,t3,10:39,24:09:00,24.15,22,81.5,1664,,standing water,0.528815777,10.56907287,0.010569073,0.437642769,0.010420066,0.251644592,41.53131297,830.0574464,0.81835,
20,clay,sat.,9/11/2016,t3,10:35,24:05:00,24.08333,23,80.8,1465,,standing water,0.528815777,9.305103219,0.009305103,0.386371068,0.009199311,0.221550077,41.53131297,730.789759,0.72248,
20,clay,sat.,9/11/2016,t3,10:32,24:02:00,24.03333,24,81.5,1872,,standing water,0.528815777,11.89020698,0.011890207,0.494738155,0.01177948,0.283100166,41.53131297,933.8146272,0.92512,
20,,f.c.,9/11/2016,t3,10:43,24:13:00,24.21667,25,77.1,11912,,,0.528815777,75.66033416,0.075660334,3.124308362,0.074388294,1.801436528,41.53131297,5942.093931,5.84219,
20,,f.c.,9/11/2016,t3,10:44,24:14:00,24.23333,26,77.5,12955,,,0.528815777,82.28505952,0.08228506,3.39553203,0.080846001,1.959168084,41.53131297,6462.376333,6.34936,
20,,f.c.,9/11/2016,t3,10:46,24:16:00,24.26667,27,76.9,11654,,,0.528815777,74.02161974,0.07402162,3.050341473,0.072627178,1.762419518,41.53131297,5813.395121,5.70388,
20,,f.c.,9/11/2016,t3,10:48,24:18:00,24.3,28,77.4,12410,,,0.528815777,78.82343409,0.078823434,3.24376272,0.077232446,1.876748431,41.53131297,6190.512566,6.06556,
20,,sat.,9/11/2016,t3,10:54,24:24:00,24.4,29,80.2,9753,,,0.528815777,61.94721617,0.061947216,2.538820335,0.060448103,1.474933718,41.53131297,4865.114348,4.74738,
20,,sat.,9/11/2016,t3,10:51,24:21:00,24.35,30,80.5,13422,,,0.528815777,85.25125966,0.08525126,3.501078426,0.08335901,2.029791897,41.53131297,6695.331158,6.54672,
20,,sat.,9/11/2016,t3,10:52,24:22:00,24.36667,31,80.7,13010,,,0.528815777,82.63439787,0.082634398,3.391288558,0.080744966,1.967485664,41.53131297,6489.812126,6.34142,
20,,sat.,9/11/2016,t3,10:49,24:19:00,24.31667,32,81.1,11120,,,0.528815777,70.62986198,0.070629862,2.90458651,0.069156822,1.68166338,41.53131297,5547.018512,5.43133,
4,clay,f.c.,9/12/2016,t4,6:59,19:59:00,19.98333,1,,305,,injection error,0.559361092,2.049138254,0.002049138,0.102542365,0.002441485,0.048789006,43.93023357,160.9320408,0.19175,skip
4,clay,f.c.,9/12/2016,t4,7:00,20:00:00,20,2,,3180,,,0.559361092,21.36478573,0.021364786,1.068239287,0.025434269,0.508685375,43.93023357,1677.914393,1.99752,
4,clay,f.c.,9/12/2016,t4,7:01,20:01:00,20.01667,3,,3365,,,0.559361092,22.60770566,0.022607706,1.129444079,0.026891526,0.538278706,43.93023357,1775.528909,2.11196,
4,clay,f.c.,9/12/2016,t4,7:02,20:02:00,20.03333,4,,3636,,,0.559361092,24.42841538,0.024428415,1.219388455,0.029033058,0.581628938,43.93023357,1918.520985,2.28015,
4,clay,sat.,9/12/2016,t4,7:05,20:05:00,20.08333,5,,975,,,0.559361092,6.550523927,0.006550524,0.326167167,0.007765885,0.155964855,43.93023357,514.4548845,0.60991,
4,clay,sat.,9/12/2016,t4,7:06,20:06:00,20.1,6,,1545,,,0.559361092,10.38006099,0.010380061,0.516420945,0.012295737,0.247144309,43.93023357,815.2131247,0.96566,
4,clay,sat.,9/12/2016,t4,7:07,20:07:00,20.11667,7,,928,,,0.559361092,6.234755081,0.006234755,0.30992983,0.007379282,0.14844655,43.93023357,489.6555209,0.57954,
4,clay,sat.,9/12/2016,t4,7:08,20:08:00,20.13333,8,,1020,,,0.559361092,6.8528558,0.006852856,0.340373633,0.008104134,0.163163233,43.93023357,538.1989561,0.63647,
4,,f.c.,9/12/2016,t4,7:10,20:10:00,20.16667,9,,3345,,,0.559361092,22.47333593,0.022473336,1.114380294,0.026532864,0.535079427,43.93023357,1764.975988,2.0838,
4,,f.c.,9/12/2016,t4,7:11,20:11:00,20.18333,10,,3555,,,0.559361092,23.88421801,0.023884218,1.183363403,0.028175319,0.568671857,43.93023357,1875.781656,2.21279,
4,,f.c.,9/12/2016,t4,7:12,20:12:00,20.2,11,,2975,,,0.559361092,19.98749608,0.019987496,0.989480004,0.023559048,0.475892764,43.93023357,1569.746955,1.85024,
4,,f.c.,9/12/2016,t4,7:13,20:13:00,20.21667,12,,3060,,,0.559361092,20.5585674,0.020558567,1.016911825,0.024212186,0.4894897,43.93023357,1614.596868,1.90154,
4,,sat.,9/12/2016,t4,7:16,20:16:00,20.26667,13,,1931,,opened cap,0.559361092,12.97339662,0.012973397,0.640134702,0.015241302,0.308890396,43.93023357,1018.884494,1.197,skip
4,,sat.,9/12/2016,t4,7:17,20:17:00,20.28333,14,,2302,,,0.559361092,15.46595495,0.015465955,0.762495725,0.01815466,0.368237023,43.93023357,1214.641174,1.4258,
4,,sat.,9/12/2016,t4,7:18,20:18:00,20.3,15,,2560,,,0.559361092,17.19932436,0.017199324,0.847257358,0.020172794,0.409507723,43.93023357,1350.773851,1.5843,
4,,sat.,9/12/2016,t4,7:22,20:22:00,20.36667,16,,2607,,,0.559361092,17.51509321,0.017515093,0.85998821,0.02047591,0.417026029,43.93023357,1375.573214,1.60811,
20,clay,f.c.,9/12/2016,t4,7:26,20:26:00,20.43333,17,,11679,,,0.528815777,74.18040989,0.07418041,3.630362638,0.086437206,1.766200236,41.53131297,5825.865936,6.78847,
20,clay,f.c.,9/12/2016,t4,7:27,20:27:00,20.45,18,,5658,,,0.528815777,35.93738841,0.035937388,1.757329506,0.041841179,0.855652105,41.53131297,2822.394851,3.28606,
20,clay,f.c.,9/12/2016,t4,7:28,20:28:00,20.46667,19,,7169,,,0.528815777,45.53466551,0.045534666,2.224820791,0.052971924,1.084158703,41.53131297,3576.13091,4.16023,
20,clay,f.c.,9/12/2016,t4,7:29,20:29:00,20.48333,20,,12451,,,0.528815777,79.08384995,0.07908385,3.860887711,0.091925898,1.882948808,41.53131297,6210.964703,7.21953,
20,clay,sat.,9/12/2016,t4,7:30,20:30:00,20.5,21,,3188,,,0.528815777,20.24892086,0.020248921,0.987752237,0.02351791,0.482117163,41.53131297,1590.278329,1.84701,
20,clay,sat.,9/12/2016,t4,7:32,20:32:00,20.53333,22,,2461,,,0.528815777,15.63130309,0.015631303,0.761264761,0.018125351,0.372173883,41.53131297,1227.627029,1.4235,
20,clay,sat.,9/12/2016,t4,7:33,20:33:00,20.55,23,,2619,,,0.528815777,16.63485688,0.016634857,0.809482087,0.019273383,0.396068021,41.53131297,1306.442579,1.51366,
20,clay,sat.,9/12/2016,t4,7:34,20:34:00,20.56667,24,,2795,,,0.528815777,17.75273959,0.01775274,0.863180207,0.02055191,0.422684276,41.53131297,1394.237117,1.61407,
20,,f.c.,9/12/2016,t4,7:35,20:35:00,20.58333,25,,13500,,,0.528815777,85.74668495,0.085746685,4.165830848,0.099186449,2.041587737,41.53131297,6734.2401,7.78975,
20,,f.c.,9/12/2016,t4,7:36,20:36:00,20.6,26,,7107,,lost air,0.528815777,45.14086592,0.045140866,2.191304171,0.052173909,1.074782522,41.53131297,3545.203288,4.09755,skip
20,,f.c.,9/12/2016,t4,7:37,20:37:00,20.61667,27,,13267,,,0.528815777,84.26676069,0.084266761,4.087312564,0.097316966,2.006351445,41.53131297,6618.012105,7.64293,
20,,f.c.,9/12/2016,t4,7:38,20:38:00,20.63333,28,,13060,,,0.528815777,82.95197819,0.082951978,4.020289734,0.095721184,1.9750471,41.53131297,6514.753756,7.5176,
20,,sat.,9/12/2016,t4,7:40,20:40:00,20.66667,29,,11480,,,0.528815777,72.91644024,0.07291644,3.52821485,0.084005115,1.73610572,41.53131297,5726.598248,6.59746,
20,,sat.,9/12/2016,t4,7:41,20:41:00,20.68333,30,,13516,,,0.528815777,85.84831065,0.085848311,4.150603255,0.098823887,2.044007397,41.53131297,6742.221422,7.76128,
20,,sat.,9/12/2016,t4,7:41,20:41:00,20.68333,31,,14342,,,0.528815777,91.09473745,0.091094737,4.404258056,0.104863287,2.16892232,41.53131297,7154.25715,8.23559,
20,,sat.,9/12/2016,t4,7:42,20:42:00,20.7,32,,13520,,,0.528815777,85.87371708,0.085873717,4.148488748,0.098773542,2.044612311,41.53131297,6744.216752,7.75732,
4,clay,f.c.,9/13/2016,t5,11:34,27:52:00,27.86667,1,,5454,,,0.559361092,36.64262307,0.036642623,1.314926665,0.031307778,0.872443407,43.93023357,2877.781477,2.4588,
4,clay,f.c.,9/13/2016,t5,11:35,27:53:00,27.88333,2,,5047,,,0.559361092,33.90819924,0.033908199,1.216074091,0.028954145,0.807338077,43.93023357,2663.029541,2.27396,
4,clay,f.c.,9/13/2016,t5,11:37,27:55:00,27.91667,3,,5197,,,0.559361092,34.91597215,0.034915972,1.25072139,0.029779081,0.83133267,43.93023357,2742.176446,2.33874,
4,clay,f.c.,9/13/2016,t5,11:37,27:55:00,27.91667,4,,4946,,,0.559361092,33.22963215,0.033229632,1.190315181,0.028340838,0.791181718,43.93023357,2609.737291,2.22579,
4,clay,sat.,9/13/2016,t5,11:39,27:57:00,27.95,5,,1050,,,0.559361092,7.054410383,0.00705441,0.252393931,0.006009379,0.167962152,43.93023357,554.0283372,0.47196,
4,clay,sat.,9/13/2016,t5,11:40,27:58:00,27.96667,6,,1912,,,0.559361092,12.84574538,0.012845745,0.459323434,0.010936272,0.305851081,43.93023357,1008.85922,0.8589,
4,clay,sat.,9/13/2016,t5,11:41,27:59:00,27.98333,7,,1119,,,0.559361092,7.517985922,0.007517986,0.268659414,0.006396653,0.178999665,43.93023357,590.4359136,0.50237,
4,clay,sat.,9/13/2016,t5,11:43,28:01:00,28.01667,8,,1202,,,0.559361092,8.075620267,0.00807562,0.288243436,0.006862939,0.192276673,43.93023357,634.2305346,0.53899,
4,,f.c.,9/13/2016,t5,11:44,28:02:00,28.03333,9,,3569,,,0.559361092,23.97827682,0.023978277,0.855348757,0.020365447,0.570911353,43.93023357,1883.1687,1.59943,
4,,f.c.,9/13/2016,t5,11:46,28:04:00,28.06667,10,,4745,,,0.559361092,31.87921644,0.031879216,1.135839066,0.027043787,0.759028963,43.93023357,2503.680438,2.12392,
4,,f.c.,9/13/2016,t5,11:47,28:05:00,28.08333,11,,1050,,reading never stabilized,0.559361092,7.054410383,0.00705441,0.251195622,0.005980848,0.167962152,43.93023357,554.0283372,0.46971,skip
4,,f.c.,9/13/2016,t5,11:49,28:07:00,28.11667,12,,4080,,,0.559361092,27.4114232,0.027411423,0.974917245,0.023212315,0.652652933,43.93023357,2152.795824,1.82301,
4,,sat.,9/13/2016,t5,11:51,28:09:00,28.15,13,,2996,,,0.559361092,20.12858429,0.020128584,0.715047399,0.017024938,0.479252007,43.93023357,1580.827522,1.33708,
4,,sat.,9/13/2016,t5,11:52,28:10:00,28.16667,14,,2319,,,0.559361092,15.58016922,0.015580169,0.553142102,0.01317005,0.37095641,43.93023357,1223.611156,1.03433,
4,,sat.,9/13/2016,t5,11:54,28:12:00,28.2,15,,3558,,,0.559361092,23.90437347,0.023904373,0.847672818,0.020182686,0.569151749,43.93023357,1877.364594,1.58508,
4,,sat.,9/13/2016,t5,11:55,28:13:00,28.21667,16,,4028,,,0.559361092,27.06206193,0.027062062,0.959080753,0.022835256,0.644334808,43.93023357,2125.358231,1.7934,
20,clay,f.c.,9/13/2016,t5,11:02,27:20:00,27.33333,17,,13650,,gas sample vial has both 17 and 19,0.528815777,86.6994259,0.086699426,3.171930216,0.075522148,2.064272045,41.53131297,6809.06499,5.93124,skip
20,clay,f.c.,9/13/2016,t5,11:05,27:23:00,27.38333,18,,6363,,,0.528815777,40.41527084,0.040415271,1.475907639,0.035140658,0.962268353,41.53131297,3174.071834,2.75982,
20,clay,f.c.,9/13/2016,t5,11:02,27:20:00,27.33333,19,,9150,,,0.528815777,58.11719758,0.058117198,2.126238936,0.050624737,1.3837428,41.53131297,4564.31829,3.97589,skip
20,clay,f.c.,9/13/2016,t5,11:07,27:25:00,27.41667,20,,9519,,cap open,0.528815777,60.4609403,0.06046094,2.20526226,0.052506244,1.439546198,41.53131297,4748.38752,4.12365,
20,clay,sat.,9/13/2016,t5,11:11,27:29:00,27.48333,21,,12183,,,0.528815777,77.38161947,0.077381619,2.815583486,0.067037702,1.842419511,41.53131297,6077.277566,5.2649,
20,clay,sat.,9/13/2016,t5,11:11,27:29:00,27.48333,22,,11357,,,0.528815777,72.13519267,0.072135193,2.624688636,0.062492587,1.717504587,41.53131297,5665.241838,4.90795,
20,clay,sat.,9/13/2016,t5,11:12,27:30:00,27.5,23,,11778,,,0.528815777,74.80921892,0.074809219,2.720335233,0.064769887,1.781171879,41.53131297,5875.250363,5.0868,
20,clay,sat.,9/13/2016,t5,11:13,27:31:00,27.51667,24,,13043,,,0.528815777,82.84400088,0.082844001,3.010684466,0.071682963,1.972476211,41.53131297,6506.273602,5.62973,
20,,f.c.,9/13/2016,t5,11:15,27:33:00,27.55,25,,13530,,,0.528815777,85.93723314,0.085937233,3.119318807,0.074269495,2.046124599,41.53131297,6749.205078,5.83286,
20,,f.c.,9/13/2016,t5,11:16,27:34:00,27.56667,26,,13150,,,0.528815777,83.52362275,0.083523623,3.029877488,0.07213994,1.988657685,41.53131297,6559.64869,5.66561,
20,,f.c.,9/13/2016,t5,11:17,27:35:00,27.58333,27,,12866,,,0.528815777,81.71976656,0.081719767,2.962650147,0.070539289,1.945708728,41.53131297,6417.980232,5.53991,
20,,f.c.,9/13/2016,t5,11:18,27:36:00,27.6,28,,12860,,,0.528815777,81.68165693,0.081681657,2.959480323,0.070463817,1.944801355,41.53131297,6414.987236,5.53398,
20,,sat.,9/13/2016,t5,11:19,27:37:00,27.61667,29,,14400,,,0.528815777,91.46313062,0.091463131,3.311881616,0.078854324,2.177693586,41.53131297,7183.18944,6.19294,
20,,sat.,9/13/2016,t5,11:21,27:39:00,27.65,30,,14650,,,0.528815777,93.05103219,0.093051032,3.36531762,0.08012661,2.215500766,41.53131297,7307.89759,6.29286,
20,,sat.,9/13/2016,t5,11:23,27:41:00,27.68333,31,,23655,,,0.528815777,150.2472469,0.150247247,5.42735389,0.129222712,3.577315401,41.53131297,11799.88515,10.14869,
20,,sat.,9/13/2016,t5,11:24,27:42:00,27.7,32,,16929,,,0.528815777,107.5263429,0.107526343,3.881817434,0.092424225,2.560151022,41.53131297,8444.737086,7.25867,
4,clay,f.c.,9/14/2016,t6,9:55,22:00:00,22,1,,5021,,,0.559361092,33.7335186,0.033733519,1.533341755,0.036508137,0.803179014,43.93023357,2649.310744,2.86722,
4,clay,f.c.,9/14/2016,t6,9:59,22:04:00,22.06667,2,,5022,,,0.559361092,33.74023709,0.033740237,1.529013765,0.03640509,0.803338978,43.93023357,2649.83839,2.85913,
4,clay,f.c.,9/14/2016,t6,10:10,22:15:00,22.25,3,,5410,,,0.559361092,36.34700969,0.03634701,1.633573469,0.038894606,0.865404993,43.93023357,2854.565052,3.05464,
4,clay,f.c.,9/14/2016,t6,10:02,22:07:00,22.11667,4,,4999,,,0.559361092,33.58571191,0.033585712,1.518570245,0.036156434,0.799659807,43.93023357,2637.702531,2.8396,
4,clay,sat.,9/14/2016,t6,10:03,22:08:00,22.13333,5,,1183,,,0.559361092,7.947969031,0.007947969,0.359094986,0.008549881,0.189237358,43.93023357,624.2052599,0.67148,
4,clay,sat.,9/14/2016,t6,10:04,22:09:00,22.15,6,,2154,,,0.559361092,14.47161901,0.014471619,0.653346231,0.015555863,0.344562358,43.93023357,1136.54956,1.2217,
4,clay,sat.,9/14/2016,t6,10:06,22:11:00,22.18333,7,,1255,,,0.559361092,8.431700029,0.0084317,0.380091662,0.009049801,0.200754763,43.93023357,662.1957744,0.71074,
4,clay,sat.,9/14/2016,t6,10:07,22:12:00,22.2,8,,1255,,,0.559361092,8.431700029,0.0084317,0.379806308,0.009043007,0.200754763,43.93023357,662.1957744,0.71021,
4,,f.c.,9/14/2016,t6,10:09,22:14:00,22.23333,9,,4264,,,0.559361092,28.64762464,0.028647625,1.288498859,0.030678544,0.682086301,43.93023357,2249.882695,2.40938,
4,,f.c.,9/14/2016,t6,10:10,22:15:00,22.25,10,,4237,,,0.559361092,28.46622552,0.028466226,1.279380922,0.030461451,0.677767274,43.93023357,2235.636252,2.39233,
4,,f.c.,9/14/2016,t6,10:11,22:16:00,22.26667,11,,4187,,,0.559361092,28.13030121,0.028130301,1.263336881,0.03007945,0.669769077,43.93023357,2209.25395,2.36233,
4,,f.c.,9/14/2016,t6,10:12,22:17:00,22.28333,12,,4046,,,0.559361092,27.18299467,0.027182995,1.21988009,0.029044764,0.647214159,43.93023357,2134.855859,2.28107,
4,,sat.,9/14/2016,t6,10:13,22:18:00,22.3,13,,2738,,,0.559361092,18.39521488,0.018395215,0.824897528,0.019640417,0.437981307,43.93023357,1444.694845,1.54249,
4,,sat.,9/14/2016,t6,10:15,22:20:00,22.33333,14,,2824,,,0.559361092,18.97300469,0.018973005,0.849537523,0.020227084,0.451738207,43.93023357,1490.072404,1.58856,
4,,sat.,9/14/2016,t6,10:16,22:21:00,22.35,15,,3721,,,0.559361092,24.9994867,0.024999487,1.118545266,0.02663203,0.595225874,43.93023357,1963.370898,2.09159,
4,,sat.,9/14/2016,t6,10:17,22:22:00,22.36667,16,,4281,,,0.559361092,28.7618389,0.028761839,1.285924243,0.030617244,0.684805688,43.93023357,2258.852678,2.40457,
20,clay,f.c.,9/14/2016,t6,12:45,24:50:00,24.83333,17,,13480,,,0.528815777,85.61965283,0.085619653,3.447771255,0.082089792,2.038563163,41.53131297,6724.263448,6.44704,
20,clay,f.c.,9/14/2016,t6,12:46,24:51:00,24.85,18,,10400,,,0.528815777,66.05670545,0.066056705,2.658217523,0.063290893,1.572778701,41.53131297,5187.85904,4.97064,
20,clay,f.c.,9/14/2016,t6,12:48,24:53:00,24.88333,19,,12728,,,0.528815777,80.8432449,0.080843245,3.248891289,0.077354554,1.924839164,41.53131297,6349.141333,6.07515,
20,clay,f.c.,9/14/2016,t6,12:50,24:55:00,24.91667,20,,14805,,,0.528815777,94.03553117,0.094035531,3.774001251,0.089857173,2.238941218,41.53131297,7385.216643,7.05706,
20,clay,sat.,9/14/2016,t6,12:52,24:57:00,24.95,21,,12333,,,0.528815777,78.33436041,0.07833436,3.139653724,0.07475366,1.865103819,41.53131297,6152.102456,5.87089,
20,clay,sat.,9/14/2016,t6,12:54,24:59:00,24.98333,22,,13450,,,0.528815777,85.42910464,0.085429105,3.419443815,0.081415329,2.034026301,41.53131297,6709.29847,6.39407,
20,clay,sat.,9/14/2016,t6,12:56,25:01:00,25.01667,23,,13557,,,0.528815777,86.10872651,0.086108727,3.442054358,0.081953675,2.050207774,41.53131297,6762.673559,6.43635,
20,clay,sat.,9/14/2016,t6,12:57,25:02:00,25.03333,24,,13404,,,0.528815777,85.13693075,0.085136931,3.40094264,0.080974825,2.02706978,41.53131297,6686.352171,6.35948,
20,,f.c.,9/14/2016,t6,13:00,25:05:00,25.08333,25,,12616,,,0.528815777,80.13186499,0.080131865,3.194625847,0.07606252,1.907901547,41.53131297,6293.272082,5.97368,
20,,f.c.,9/14/2016,t6,13:01,25:06:00,25.1,26,,13232,,,0.528815777,84.04445447,0.084044454,3.34838464,0.079723444,2.00105844,41.53131297,6600.552964,6.2612,
20,,f.c.,9/14/2016,t6,13:02,25:07:00,25.11667,27,,13090,,,0.528815777,83.14252637,0.083142526,3.310253207,0.078815553,1.979583961,41.53131297,6529.718734,6.18989,
20,,f.c.,9/14/2016,t6,13:04,25:09:00,25.15,28,,11828,,,0.528815777,75.12679923,0.075126799,2.987149075,0.071122597,1.788733315,41.53131297,5900.191993,5.58572,
20,,sat.,9/14/2016,t6,13:05,25:10:00,25.16667,29,,13469,,,0.528815777,85.54978516,0.085549785,3.399329212,0.08093641,2.036899647,41.53131297,6718.77629,6.35646,
20,,sat.,9/14/2016,t6,13:07,25:12:00,25.2,30,,15596,,,0.528815777,99.05965174,0.099059652,3.930938561,0.093593775,2.358563137,41.53131297,7779.79323,7.35052,
20,,sat.,9/14/2016,t6,13:08,25:13:00,25.21667,31,,38050,,,0.528815777,241.6786194,0.241678619,9.584082727,0.228192446,5.754252844,41.53131297,18980.58043,17.92142,
20,,sat.,9/14/2016,t6,13:10,25:15:00,25.25,32,,34755,,,0.528815777,220.7500767,0.220750077,8.742577295,0.208156602,5.255954207,41.53131297,17336.92701,16.34788,
4,clay,f.c.,9/15/2016,t7,9:46,23:51:00,23.85,1,,5932,,,0.559361092,39.85405942,0.039854059,1.671029745,0.039786423,0.948906177,43.93023357,3129.996282,3.12468,
4,clay,f.c.,9/15/2016,t7,9:47,23:48:00,23.8,2,,5948,,,0.559361092,39.9615552,0.039961555,1.679056941,0.039977546,0.9514656,43.93023357,3138.438619,3.13969,
4,clay,f.c.,9/15/2016,t7,9:49,23:39:00,23.65,3,,6383,,,0.559361092,42.88409664,0.042884097,1.813281042,0.043173358,1.02104992,43.93023357,3367.964644,3.39068,
4,clay,f.c.,9/15/2016,t7,9:50,23:48:00,23.8,4,,5942,,,0.559361092,39.92124428,0.039921244,1.677363205,0.039937219,0.950505816,43.93023357,3135.272742,3.13653,
4,clay,sat.,9/15/2016,t7,9:52,23:49:00,23.81667,5,,1247,,,0.559361092,8.37795214,0.008377952,0.351768459,0.00837544,0.199475051,43.93023357,657.9746062,0.65778,
4,clay,sat.,9/15/2016,t7,9:53,23:49:00,23.81667,6,,2666,,,0.559361092,17.91148389,0.017911484,0.752056706,0.017906112,0.426463902,43.93023357,1406.70433,1.40628,
4,clay,sat.,9/15/2016,t7,9:55,23:49:00,23.81667,7,,1443,,,0.559361092,9.694775412,0.009694775,0.40705845,0.009691868,0.230827986,43.93023357,761.3932291,0.76116,
4,clay,sat.,9/15/2016,t7,9:56,23:49:00,23.81667,8,,1407,,,0.559361092,9.452909913,0.00945291,0.396903145,0.009450075,0.225069284,43.93023357,742.3979718,0.74218,
4,,f.c.,9/15/2016,t7,9:58,23:49:00,23.81667,9,,4388,,,0.559361092,29.48071691,0.029480717,1.237818765,0.029471875,0.701921831,43.93023357,2315.310803,2.31462,
4,,f.c.,9/15/2016,t7,9:59,23:49:00,23.81667,10,,4423,,,0.559361092,29.71586393,0.029715864,1.247691977,0.029706952,0.70752057,43.93023357,2333.778415,2.33308,
4,,f.c.,9/15/2016,t7,10:10,23:59:00,23.98333,11,,4486,,,0.559361092,30.13912855,0.030139129,1.25666971,0.029920707,0.717598299,43.93023357,2367.020115,2.34987,
4,,f.c.,9/15/2016,t7,10:02,23:50:00,23.83333,12,,4355,,,0.559361092,29.25900687,0.029259007,1.227650638,0.029229777,0.696643021,43.93023357,2297.898484,2.2956,
4,,sat.,9/15/2016,t7,10:07,23:54:00,23.9,13,,3350,,,0.559361092,22.50692836,0.022506928,0.941712484,0.022421726,0.535879247,43.93023357,1767.614219,1.76092,
4,,sat.,9/15/2016,t7,10:08,23:53:00,23.88333,14,,3094,,,0.559361092,20.78699593,0.020786996,0.870355726,0.020722755,0.494928475,43.93023357,1632.536834,1.62749,
4,,sat.,9/15/2016,t7,10:09,23:53:00,23.88333,15,,4159,,,0.559361092,27.9421836,0.027942184,1.169944882,0.027855831,0.665290086,43.93023357,2194.479861,2.1877,
4,,sat.,9/15/2016,t7,10:11,23:54:00,23.9,16,,4269,,,0.559361092,28.68121707,0.028681217,1.200050923,0.028572641,0.682886121,43.93023357,2252.520925,2.24399,
20,clay,f.c.,9/15/2016,t7,10:21,21:36:00,21.6,17,,13302,,,0.528815777,84.48906691,0.084489067,3.911530875,0.093131688,2.01164445,41.53131297,6635.471246,7.31423,
20,clay,f.c.,9/15/2016,t7,10:22,21:36:00,21.6,18,,10971,,,0.528815777,69.68347264,0.069683473,3.226086696,0.076811588,1.659130301,41.53131297,5472.692455,6.03251,
20,clay,f.c.,9/15/2016,t7,10:24,21:36:00,21.6,19,,12199,,,0.528815777,77.48324517,0.077483245,3.587187276,0.085409221,1.844839171,41.53131297,6085.258888,6.70774,
20,clay,f.c.,9/15/2016,t7,10:24,21:34:00,21.56667,20,,14244,,,0.528815777,90.47228004,0.09047228,4.195005257,0.099881078,2.154101906,41.53131297,7105.371555,7.84431,
20,clay,sat.,9/15/2016,t7,10:26,21:34:00,21.56667,21,,10874,,,0.528815777,69.06736683,0.069067367,3.202505417,0.076250129,1.644461115,41.53131297,5424.305693,5.98841,
20,clay,sat.,9/15/2016,t7,10:27,21:33:00,21.55,22,,12978,,,0.528815777,82.43114647,0.082431146,3.825111205,0.091074076,1.962646345,41.53131297,6473.849483,7.15263,
20,clay,sat.,9/15/2016,t7,10:28,21:32:00,21.53333,23,,9774,,syringe cap fell off,0.528815777,62.08059991,0.0620806,2.882999996,0.068642857,1.478109522,41.53131297,4875.589833,5.39097,skip
20,clay,sat.,9/15/2016,t7,10:30,21:33:00,21.55,24,,10904,,,0.528815777,69.25791502,0.069257915,3.213824363,0.076519628,1.648997977,41.53131297,5439.270671,6.00958,
20,,f.c.,9/15/2016,t7,10:32,21:32:00,21.53333,25,,11771,,,0.528815777,74.76475767,0.074764758,3.47204757,0.082667799,1.780113278,41.53131297,5871.758535,6.49244,
20,,f.c.,9/15/2016,t7,10:33,21:32:00,21.53333,26,,12239,,,0.528815777,77.73730942,0.077737309,3.610091769,0.085954566,1.850888319,41.53131297,6105.212192,6.75057,
20,,f.c.,9/15/2016,t7,10:34,21:32:00,21.53333,27,,12208,,,0.528815777,77.54040962,0.07754041,3.600947815,0.085736853,1.846200229,41.53131297,6089.748381,6.73347,
20,,f.c.,9/15/2016,t7,10:35,21:31:00,21.51667,28,,11480,,,0.528815777,72.91644024,0.07291644,3.388835333,0.080686556,1.73610572,41.53131297,5726.598248,6.33684,
20,,sat.,9/15/2016,t7,10:37,21:32:00,21.53333,29,,12218,,,0.528815777,77.60392569,0.077603926,3.603897478,0.085807083,1.847712516,41.53131297,6094.736707,6.73898,
20,,sat.,9/15/2016,t7,10:39,21:32:00,21.53333,30,,13205,,,0.528815777,83.8729611,0.083872961,3.895029153,0.092738789,1.996975264,41.53131297,6587.084483,7.28338,
20,,sat.,9/15/2016,t7,10:40,21:32:00,21.53333,31,,35918,,,0.528815777,228.1369948,0.228136995,10.59459728,0.252252316,5.43183321,41.53131297,17917.06933,19.811,
20,,sat.,9/15/2016,t7,10:42,21:32:00,21.53333,32,,41023,,,0.528815777,260.561945,0.260561945,12.10039992,0.28810476,6.203855832,41.53131297,20463.60975,22.62672,
4,clay,f.c.,9/16/2016,t8,10:34,24:48:00,24.8,1,,6222,,,0.559361092,41.80242038,0.04180242,1.685581467,0.040132892,0.995295723,43.93023357,3283.013632,3.15189,
4,clay,f.c.,9/16/2016,t8,10:37,24:50:00,24.83333,2,,6019,,,0.559361092,40.43856771,0.040438568,1.6283987,0.038771398,0.962823041,43.93023357,3175.901487,3.04497,
4,clay,f.c.,9/16/2016,t8,10:38,24:49:00,24.81667,3,,6760,,,0.559361092,45.41696589,0.045416966,1.830099364,0.043573794,1.081356331,43.93023357,3566.887199,3.42213,
4,clay,f.c.,9/16/2016,t8,10:39,24:49:00,24.81667,4,,6462,,,0.559361092,43.41485704,0.043414857,1.749423386,0.041652938,1.033687072,43.93023357,3409.648681,3.27127,
4,clay,sat.,9/16/2016,t8,10:41,24:49:00,24.81667,5,,1428,,,0.559361092,9.59399812,0.009593998,0.386594955,0.009204642,0.228428527,43.93023357,753.4785386,0.7229,
4,clay,sat.,9/16/2016,t8,10:43,24:50:00,24.83333,6,,2715,,,0.559361092,18.2406897,0.01824069,0.734524418,0.017488677,0.434302136,43.93023357,1432.558986,1.3735,
4,clay,sat.,9/16/2016,t8,10:44,24:49:00,24.81667,7,,1373,,,0.559361092,9.224481386,0.009224481,0.371705093,0.008850121,0.219630509,43.93023357,724.4580066,0.69506,
4,clay,sat.,9/16/2016,t8,10:46,24:50:00,24.83333,8,,1431,,,0.559361092,9.614153579,0.009614154,0.387147124,0.009217789,0.228908419,43.93023357,755.0614767,0.72393,
4,,f.c.,9/16/2016,t8,10:52,24:54:00,24.9,9,,4075,,,0.559361092,27.37783077,0.027377831,1.099511276,0.02617884,0.651853114,43.93023357,2150.157594,2.05599,
4,,f.c.,9/16/2016,t8,10:54,24:55:00,24.91667,10,,4488,,,0.559361092,30.15256552,0.030152566,1.210136409,0.028812772,0.717918227,43.93023357,2368.075407,2.26285,
4,,f.c.,9/16/2016,t8,10:57,24:47:00,24.78333,11,,4532,,,0.559361092,30.44817891,0.030448179,1.228574805,0.029251781,0.724956641,43.93023357,2391.291832,2.29733,
4,,f.c.,9/16/2016,t8,10:59,24:57:00,24.95,12,,4471,,,0.559361092,30.03835126,0.030038351,1.203941934,0.028665284,0.71519884,43.93023357,2359.105424,2.25127,
4,,sat.,9/16/2016,t8,11:01,24:54:00,24.9,13,,3371,,,0.559361092,22.64801657,0.022648017,0.909558899,0.021656164,0.53923849,43.93023357,1778.694785,1.7008,
4,,sat.,9/16/2016,t8,11:03,24:55:00,24.91667,14,,3235,,,0.559361092,21.73430246,0.021734302,0.872279698,0.020768564,0.517483392,43.93023357,1706.934925,1.63109,
4,,sat.,9/16/2016,t8,11:04,24:55:00,24.91667,15,,4302,,,0.559361092,28.90292711,0.028902927,1.159983697,0.027618659,0.688164931,43.93023357,2269.933244,2.16907,
4,,sat.,9/16/2016,t8,11:05,24:54:00,24.9,16,,4683,,,0.559361092,31.46267031,0.03146267,1.263561056,0.030084787,0.749111198,43.93023357,2470.966384,2.36275,
20,clay,f.c.,9/16/2016,t8,9:54,23:33:00,23.55,17,,13777,,,0.528815777,87.5060799,0.08750608,3.715757108,0.088470407,2.083478093,41.53131297,6872.416731,6.94815,
20,clay,f.c.,9/16/2016,t8,9:57,23:35:00,23.58333,18,,12057,,,0.528815777,76.58131707,0.076581317,3.247264328,0.077315817,1.823364692,41.53131297,6014.424658,6.07211,
20,clay,f.c.,9/16/2016,t8,9:58,23:34:00,23.56667,19,,12286,,,0.528815777,78.03583491,0.078035835,3.311280124,0.078840003,1.857996069,41.53131297,6128.657324,6.19181,
20,clay,f.c.,9/16/2016,t8,9:59,23:35:00,23.58333,20,,14381,,,0.528815777,91.3424501,0.09134245,3.873178096,0.092218526,2.17482024,41.53131297,7173.711621,7.24252,
20,clay,sat.,9/16/2016,t8,10:02,23:36:00,23.6,21,,12847,,standing water,0.528815777,81.59908604,0.081599086,3.457588392,0.082323533,1.942835382,41.53131297,6408.502413,6.4654,
20,clay,sat.,9/16/2016,t8,10:03,23:36:00,23.6,22,,14100,,standing water,0.528815777,89.55764873,0.089557649,3.794815624,0.090352753,2.13232497,41.53131297,7033.53966,7.09598,
20,clay,sat.,9/16/2016,t8,10:05,23:37:00,23.61667,23,,9999,,standing water,0.528815777,63.50971132,0.063509711,2.689190317,0.064028341,1.512135984,41.53131297,4987.827168,5.02856,
20,clay,sat.,9/16/2016,t8,10:06,23:36:00,23.6,24,,9296,,standing water,0.528815777,59.0445321,0.059044532,2.501886953,0.059568737,1.405822193,41.53131297,4637.14785,4.67832,
20,,f.c.,9/16/2016,t8,10:09,23:37:00,23.61667,25,,11300,,,0.528815777,71.77315111,0.071773151,3.039088967,0.072359261,1.70888455,41.53131297,5636.80838,5.68284,
20,,f.c.,9/16/2016,t8,10:13,23:40:00,23.66667,26,,10810,,,0.528815777,68.66086403,0.068660864,2.901163269,0.069075316,1.634782477,41.53131297,5392.380406,5.42493,
20,,f.c.,9/16/2016,t8,10:14,23:40:00,23.66667,27,,11180,,,0.528815777,71.01095835,0.071010958,3.000463029,0.071439596,1.690737104,41.53131297,5576.948468,5.61061,
20,,f.c.,9/16/2016,t8,10:15,23:40:00,23.66667,28,,11310,,,0.528815777,71.83666717,0.071836667,3.035352134,0.072270289,1.710396837,41.53131297,5641.796706,5.67585,
20,,sat.,9/16/2016,t8,10:17,23:40:00,23.66667,29,,10751,,,0.528815777,68.28611925,0.068286119,2.885328983,0.068698309,1.625859982,41.53131297,5362.949283,5.39532,
20,,sat.,9/16/2016,t8,10:21,23:42:00,23.7,30,,12539,,,0.528815777,79.64279131,0.079642791,3.360455329,0.080010841,1.896256936,41.53131297,6254.861972,6.28377,
20,,sat.,9/16/2016,t8,10:23,23:43:00,23.71667,31,,28673,,,0.528815777,182.1196072,0.182119607,7.678971493,0.182832655,4.336181125,41.53131297,14303.02714,14.35903,
20,,sat.,9/16/2016,t8,10:25,23:43:00,23.71667,32,,31369,,,0.528815777,199.2435378,0.199243538,8.400992458,0.20002363,4.743893757,41.53131297,15647.87983,15.70915,